,l_discount,avg
0,0.0,35833.398504051795
1,0.01,35755.22232076027
2,0.02,35891.615624130514
3,0.03,35646.19582359689
4,0.04,35933.854481037495
5,0.05,35994.05461713037
6,0.06,35674.619016104785
7,0.07,36006.24243954089
8,0.08,35716.03500695586
9,0.09,35582.36565992006
10,0.1,35404.486739269974
